{
  "$schema": "https://schema.management.azure.com/schemas/2015-01-01/deploymentParameters.json#",
  "contentVersion": "1.0.0.0",
  "parameters": {
    "virtualMachines_cloud_computing_project_name": {
      "value": "cloud-computing-project"
    },
    "publicIPAddresses_cloud_computing_project_ip_name": {
      "value": "cloud-computing-project-ip"
    },
    "virtualNetworks_cloud_computing_project_vnet_name": {
      "value": "cloud-computing-project-vnet"
    },
    "networkInterfaces_cloud_computing_project211_z1_name": {
      "value": "cloud-computing-project211_z1"
    },
    "networkSecurityGroups_cloud_computing_project_nsg_name": {
      "value": "cloud-computing-project-nsg"
    }
  }
}
