{
    "$schema": "https://schema.management.azure.com/schemas/2015-01-01/deploymentParameters.json#",
    "contentVersion": "1.0.0.0",
    "parameters": {
        "extensions_enablevmaccess_username": {
            "value": null
        },
        "extensions_enablevmaccess_password": {
            "value": null
        },
        "extensions_enablevmaccess_ssh_key": {
            "value": null
        },
        "extensions_enablevmaccess_reset_ssh": {
            "value": null
        },
        "extensions_enablevmaccess_remove_user": {
            "value": null
        },
        "extensions_enablevmaccess_expiration": {
            "value": null
        },
        "virtualMachines_CIS_LinuxVM_name": {
            "value": null
        },
        "disks_CIS_LinuxVM_disk1_6fc78f2f8bb045e0ba9d27d45bb59ac4_externalid": {
            "value": null
        },
        "networkInterfaces_cis_linuxvm568_z1_externalid": {
            "value": null
        }
    }
}