{
    "$schema": "https://schema.management.azure.com/schemas/2019-04-01/deploymentTemplate.json#",
    "contentVersion": "1.0.0.0",
    "parameters": {
        "projectName": {
            "type": "string",
            "metadata": {
                "description": "Specifies a name for generating resource names."
            }
        },
        "location": {
            "type": "string",
            "defaultValue": "[resourceGroup().location]",
            "metadata": {
                "description": "Specifies the location for all resources."
            }
        },
        "adminUsername": {
            "type": "string",
            "metadata": {
                "description": "Specifies a username for the Virtual Machine."
            }
        },
        "adminPublicKey": {
            "type": "string",
            "metadata": {
                "description": "Specifies the SSH rsa public key file as a string. Use \"ssh-keygen -t rsa -b 2048\" to generate your SSH key pairs."
            }
        },
        "vmSize": {
            "type": "string",
            "defaultValue": "Standard_D2s_v3",
            "metadata": {
                "description": "description"
            }
        }
    },
    "variables": {
        "vNetName": "[concat(parameters('projectName'), '-vnet')]",
        "vNetAddressPrefixes": "10.0.0.0/16",
        "vNetSubnetName": "default",
        "vNetSubnetAddressPrefix": "10.0.0.0/24",
        "vmName": "[concat(parameters('projectName'), '-vm')]",
        "publicIPAddressName": "[concat(parameters('projectName'), '-ip')]",
        "networkInterfaceName": "[concat(parameters('projectName'), '-nic')]",
        "networkSecurityGroupName": "[concat(parameters('projectName'), '-nsg')]",
        "networkSecurityGroupName2": "[concat(variables('vNetSubnetName'), '-nsg')]"
    },
    "resources": [
        {
            "type": "Microsoft.Network/networkSecurityGroups",
            "apiVersion": "2020-05-01",
            "name": "[variables('networkSecurityGroupName')]",
            "location": "[parameters('location')]",
            "properties": {
                "securityRules": [
                    {
                        "name": "ssh_rule",
                        "properties": {
                            "description": "Allow SSH",
                            "protocol": "Tcp",
                            "sourcePortRange": "*",
                            "destinationPortRange": "22",
                            "sourceAddressPrefix": "*",
                            "destinationAddressPrefix": "*",
                            "access": "Allow",
                            "priority": 100,
                            "direction": "Inbound"
                        }
                    },
                    {
                        "name": "http_rule",
                        "properties": {
                            "description": "Allow HTTP",
                            "protocol": "Tcp",
                            "sourcePortRange": "*",
                            "destinationPortRange": "80",
                            "sourceAddressPrefix": "*",
                            "destinationAddressPrefix": "*",
                            "access": "Allow",
                            "priority": 101,
                            "direction": "Inbound"
                        }
                    },
                    {
                        "name": "https_rule",
                        "properties": {
                            "description": "Allow HTTPS",
                            "protocol": "Tcp",
                            "sourcePortRange": "*",
                            "destinationPortRange": "443",
                            "sourceAddressPrefix": "*",
                            "destinationAddressPrefix": "*",
                            "access": "Allow",
                            "priority": 102,
                            "direction": "Inbound"
                        }
                    }
                ]
            }
        },
        {
            "type": "Microsoft.Network/publicIPAddresses",
            "apiVersion": "2020-05-01",
            "name": "[variables('publicIPAddressName')]",
            "location": "[parameters('location')]",
            "properties": {
                "publicIPAllocationMethod": "Dynamic"
            },
            "sku": {
                "name": "Basic"
            }
        },
        {
            "type": "Microsoft.Network/networkSecurityGroups",
            "apiVersion": "2020-05-01",
            "name": "[variables('networkSecurityGroupName2')]",
            "location": "[parameters('location')]",
            "properties": {
                "securityRules": [
                    {
                        "name": "allow-ssh",
                        "properties": {
                            "priority": 110,
                            "access": "Allow",
                            "direction": "Inbound",
                            "destinationPortRange": "22",
                            "protocol": "Tcp",
                            "sourceAddressPrefix": "*",
                            "sourcePortRange": "*",
                            "destinationAddressPrefix": "*"
                        }
                    },
                    {
                        "name": "allow-http",
                        "properties": {
                            "priority": 111,
                            "access": "Allow",
                            "direction": "Inbound",
                            "destinationPortRange": "80",
                            "protocol": "Tcp",
                            "sourceAddressPrefix": "*",
                            "sourcePortRange": "*",
                            "destinationAddressPrefix": "*"
                        }
                    },
                    {
                        "name": "allow-https",
                        "properties": {
                            "priority": 112,
                            "access": "Allow",
                            "direction": "Inbound",
                            "destinationPortRange": "443",
                            "protocol": "Tcp",
                            "sourceAddressPrefix": "*",
                            "sourcePortRange": "*",
                            "destinationAddressPrefix": "*"
                        }
                    }
                ]
            }
        },
        {
            "type": "Microsoft.Network/virtualNetworks",
            "apiVersion": "2020-05-01",
            "name": "[variables('vNetName')]",
            "location": "[parameters('location')]",
            "dependsOn": [
                "[resourceId('Microsoft.Network/networkSecurityGroups', variables('networkSecurityGroupName2'))]"
            ],
            "properties": {
                "addressSpace": {
                    "addressPrefixes": [
                        "[variables('vNetAddressPrefixes')]"
                    ]
                },
                "subnets": [
                    {
                        "name": "[variables('vNetSubnetName')]",
                        "properties": {
                            "addressPrefix": "[variables('vNetSubnetAddressPrefix')]",
                            "networkSecurityGroup": {
                                "id": "[resourceId('Microsoft.Network/networkSecurityGroups', variables('networkSecurityGroupName2'))]"
                            }
                        }
                    }
                ]
            }
        },
        {
            "type": "Microsoft.Network/networkInterfaces",
            "apiVersion": "2020-05-01",
            "name": "[variables('networkInterfaceName')]",
            "location": "[parameters('location')]",
            "dependsOn": [
                "[resourceId('Microsoft.Network/publicIPAddresses', variables('publicIPAddressName'))]",
                "[resourceId('Microsoft.Network/virtualNetworks', variables('vNetName'))]",
                "[resourceId('Microsoft.Network/networkSecurityGroups', variables('networkSecurityGroupName'))]"
            ],
            "properties": {
                "ipConfigurations": [
                    {
                        "name": "ipconfig1",
                        "properties": {
                            "privateIPAllocationMethod": "Dynamic",
                            "publicIPAddress": {
                                "id": "[resourceId('Microsoft.Network/publicIPAddresses', variables('publicIPAddressName'))]"
                            },
                            "subnet": {
                                "id": "[resourceId('Microsoft.Network/virtualNetworks/subnets', variables('vNetName'), variables('vNetSubnetName'))]"
                            }
                        }
                    }
                ]
            }
        },
        {
            "type": "Microsoft.Compute/virtualMachines",
            "apiVersion": "2021-11-01",
            "name": "[variables('vmName')]",
            "location": "[parameters('location')]",
            "dependsOn": [
                "[resourceId('Microsoft.Network/networkInterfaces', variables('networkInterfaceName'))]"
            ],
            "properties": {
                "hardwareProfile": {
                    "vmSize": "[parameters('vmSize')]"
                },
                "osProfile": {
                    "computerName": "[variables('vmName')]",
                    "adminUsername": "[parameters('adminUsername')]",
                    "linuxConfiguration": {
                        "disablePasswordAuthentication": true,
                        "ssh": {
                            "publicKeys": [
                                {
                                    "path": "[concat('/home/', parameters('adminUsername'), '/.ssh/authorized_keys')]",
                                    "keyData": "[parameters('adminPublicKey')]"
                                }
                            ]
                        }
                    }
                },
                "storageProfile": {
                    "imageReference": {
                        "publisher": "Canonical",
                        "offer": "0001-com-ubuntu-server-jammy",
                        "sku": "22_04-lts-gen2",
                        "version": "latest"
                    },
                    "osDisk": {
                        "createOption": "fromImage"
                    }
                },
                "networkProfile": {
                    "networkInterfaces": [
                        {
                            "id": "[resourceId('Microsoft.Network/networkInterfaces', variables('networkInterfaceName'))]"
                        }
                    ]
                }
            }
        },
        {
            "type": "Microsoft.Compute/virtualMachines/extensions",
            "apiVersion": "2021-11-01",
            "name": "[concat(variables('vmName'), '/installLAMP')]",
            "location": "[parameters('location')]",
            "dependsOn": [
                "[resourceId('Microsoft.Compute/virtualMachines', variables('vmName'))]"
            ],
            "properties": {
                "publisher": "Microsoft.Azure.Extensions",
                "type": "CustomScript",
                "typeHandlerVersion": "2.1",
                "autoUpgradeMinorVersion": true,
                "settings": {
                    "fileUris": [
                        "https://raw.githubusercontent.com/maximis3d/cloud-computing-public/main/lamp-install.sh"
                    ],
                    "commandToExecute": "bash lamp-install.sh"
                }
            }
        }
    ]
}