{
    "$schema": "https://schema.management.azure.com/schemas/2019-04-01/deploymentTemplate.json#",
    "contentVersion": "1.0.0.0",
    "parameters": {
        "extensions_enablevmaccess_username": {
            "type": "SecureString"
        },
        "extensions_enablevmaccess_password": {
            "type": "SecureString"
        },
        "extensions_enablevmaccess_ssh_key": {
            "type": "SecureString"
        },
        "extensions_enablevmaccess_reset_ssh": {
            "type": "SecureString"
        },
        "extensions_enablevmaccess_remove_user": {
            "type": "SecureString"
        },
        "extensions_enablevmaccess_expiration": {
            "type": "SecureString"
        },
        "virtualMachines_CIS_LinuxVM_name": {
            "defaultValue": "CIS-LinuxVM",
            "type": "String"
        },
        "disks_CIS_LinuxVM_disk1_6fc78f2f8bb045e0ba9d27d45bb59ac4_externalid": {
            "defaultValue": "/subscriptions/a4e74d2d-a874-4dfd-b50f-a1de5de39a18/resourceGroups/VM_1_WORKSHOP/providers/Microsoft.Compute/disks/CIS-LinuxVM_disk1_6fc78f2f8bb045e0ba9d27d45bb59ac4",
            "type": "String"
        },
        "networkInterfaces_cis_linuxvm568_z1_externalid": {
            "defaultValue": "/subscriptions/a4e74d2d-a874-4dfd-b50f-a1de5de39a18/resourceGroups/vm_1_workshop/providers/Microsoft.Network/networkInterfaces/cis-linuxvm568_z1",
            "type": "String"
        }
    },
    "variables": {},
    "resources": [
        {
            "type": "Microsoft.Compute/virtualMachines",
            "apiVersion": "2024-07-01",
            "name": "[parameters('virtualMachines_CIS_LinuxVM_name')]",
            "location": "uksouth",
            "zones": [
                "1"
            ],
            "identity": {
                "type": "SystemAssigned"
            },
            "properties": {
                "hardwareProfile": {
                    "vmSize": "Standard_B1s"
                },
                "additionalCapabilities": {
                    "hibernationEnabled": false
                },
                "storageProfile": {
                    "imageReference": {
                        "publisher": "canonical",
                        "offer": "ubuntu-24_04-lts",
                        "sku": "server",
                        "version": "latest"
                    },
                    "osDisk": {
                        "osType": "Linux",
                        "name": "[concat(parameters('virtualMachines_CIS_LinuxVM_name'), '_disk1_6fc78f2f8bb045e0ba9d27d45bb59ac4')]",
                        "createOption": "FromImage",
                        "caching": "ReadWrite",
                        "managedDisk": {
                            "id": "[parameters('disks_CIS_LinuxVM_disk1_6fc78f2f8bb045e0ba9d27d45bb59ac4_externalid')]"
                        },
                        "deleteOption": "Delete"
                    },
                    "dataDisks": [],
                    "diskControllerType": "SCSI"
                },
                "osProfile": {
                    "computerName": "[parameters('virtualMachines_CIS_LinuxVM_name')]",
                    "adminUsername": "w20008481",
                    "linuxConfiguration": {
                        "disablePasswordAuthentication": false,
                        "provisionVMAgent": true,
                        "patchSettings": {
                            "patchMode": "ImageDefault",
                            "assessmentMode": "ImageDefault"
                        }
                    },
                    "secrets": [],
                    "allowExtensionOperations": true,
                    "requireGuestProvisionSignal": true
                },
                "securityProfile": {
                    "uefiSettings": {
                        "secureBootEnabled": true,
                        "vTpmEnabled": true
                    },
                    "securityType": "TrustedLaunch"
                },
                "networkProfile": {
                    "networkInterfaces": [
                        {
                            "id": "[parameters('networkInterfaces_cis_linuxvm568_z1_externalid')]",
                            "properties": {
                                "deleteOption": "Detach"
                            }
                        }
                    ]
                },
                "diagnosticsProfile": {
                    "bootDiagnostics": {
                        "enabled": true
                    }
                }
            }
        },
        {
            "type": "Microsoft.Compute/virtualMachines/extensions",
            "apiVersion": "2024-07-01",
            "name": "[concat(parameters('virtualMachines_CIS_LinuxVM_name'), '/enablevmaccess')]",
            "location": "uksouth",
            "dependsOn": [
                "[resourceId('Microsoft.Compute/virtualMachines', parameters('virtualMachines_CIS_LinuxVM_name'))]"
            ],
            "properties": {
                "autoUpgradeMinorVersion": true,
                "publisher": "Microsoft.OSTCExtensions",
                "type": "VMAccessForLinux",
                "typeHandlerVersion": "1.4",
                "settings": {},
                "protectedSettings": {
                    "username": "[parameters('extensions_enablevmaccess_username')]",
                    "password": "[parameters('extensions_enablevmaccess_password')]",
                    "ssh_key": "[parameters('extensions_enablevmaccess_ssh_key')]",
                    "reset_ssh": "[parameters('extensions_enablevmaccess_reset_ssh')]",
                    "remove_user": "[parameters('extensions_enablevmaccess_remove_user')]",
                    "expiration": "[parameters('extensions_enablevmaccess_expiration')]"
                }
            }
        }
    ]
}